Transaction Amount,Transaction Location,User Device Type,Transaction Time,is_fraud
300.8087355980535,18,mobile,15,0
263.154703096284,18,mobile,5,0
428.0500071537554,45,mobile,16,0
154.82270567638398,39,mobile,13,0
465.8188953373742,8,desktop,21,0
207.6907540500753,9,mobile,11,1
147.6116571470932,6,desktop,9,0
41.7021167268784,3,mobile,9,1
149.7844790063801,15,desktop,9,0
211.6693657383434,42,desktop,10,0
37.196550526416374,1,mobile,10,0
24.892331072714335,4,desktop,12,0
267.23196867842205,2,mobile,1,0
274.0792018299196,10,desktop,7,1
104.12578789071964,40,desktop,3,0
466.88722042068764,3,desktop,17,0
326.7717654747926,2,mobile,15,0
466.4693366456515,29,desktop,2,0
265.99175832448424,36,desktop,5,0
92.86300930033961,1,mobile,9,0
55.71958042131653,48,desktop,1,1
379.68523762349497,44,mobile,8,0
348.32260526602084,39,desktop,9,0
235.27033570033288,26,desktop,22,0
188.94417991094085,24,desktop,15,0
211.85702252143517,7,desktop,21,0
479.76935827295654,47,desktop,11,0
339.03377037900515,19,mobile,16,0
57.98251161902371,48,mobile,3,0
274.41597338019847,45,mobile,17,0
481.0960685199304,31,mobile,22,0
317.20744803421877,22,mobile,19,0
125.88983058146354,9,mobile,10,0
494.8019508328369,2,mobile,13,0
457.3823937458959,19,desktop,14,0
493.64163670943725,15,desktop,1,0
323.63067803045624,4,mobile,13,0
226.8129865437812,19,mobile,9,0
447.4223295313599,35,mobile,13,0
222.5633597109054,20,desktop,8,0
419.75905149673787,39,desktop,20,0
280.81343997479325,8,desktop,22,1
144.71673367291297,11,desktop,19,0
167.75651712764986,3,desktop,7,0
54.16521536405542,15,mobile,20,0
308.03914930946155,36,mobile,11,0
135.01368359909796,17,desktop,18,0
234.4162441843877,27,mobile,23,0
230.04401262932717,46,desktop,9,0
487.84276317032595,7,mobile,2,0
42.900205240486294,16,desktop,19,0
185.83912859592806,48,desktop,4,0
425.4538303548036,17,mobile,14,0
345.2205539140746,16,desktop,1,0
368.37572022675704,30,desktop,14,0
50.33859461079053,17,mobile,20,0
448.0278417157987,19,desktop,16,1
283.0083658612988,27,desktop,21,0
185.24560738239018,16,mobile,13,0
87.07306233395948,28,desktop,4,0
98.94936132426312,1,desktop,8,0
275.50756654868303,7,desktop,14,0
319.3296591277104,10,desktop,19,0
141.0943885854845,38,mobile,1,0
289.9186281892101,41,mobile,20,0
218.6662348163317,4,mobile,22,0
241.70170132131804,38,mobile,19,0
303.732380282387,10,mobile,2,0
15.220758253239149,33,mobile,2,0
364.82166917987206,34,desktop,17,0
102.59072287915725,9,mobile,9,0
329.9945796630953,3,desktop,8,0
113.15236674015402,26,mobile,7,0
434.9349276532509,19,mobile,22,0
219.8631173942548,16,mobile,16,0
264.20520540429845,46,desktop,5,0
74.33679112157222,42,desktop,15,0
88.46582808499458,46,desktop,7,0
156.2765362652934,44,desktop,7,0
352.18079494312207,42,mobile,6,0
146.65422112676794,13,desktop,18,0
257.6043437858317,9,mobile,4,0
60.28160645004535,2,mobile,19,0
393.7206978292938,23,desktop,3,0
452.5629330487344,5,desktop,9,0
23.781068159396273,12,desktop,1,1
335.4944331227706,36,desktop,23,0
344.42184537272146,29,desktop,1,0
111.34563324523315,23,desktop,22,0
129.64249854746956,47,desktop,23,0
289.4409047665904,35,mobile,23,0
435.4112693984204,1,mobile,23,1
244.08611401045349,35,desktop,21,0
302.49988116843997,38,mobile,6,0
318.3910229293499,11,mobile,20,0
434.4672113048934,27,desktop,7,0
112.97128296562316,19,desktop,9,0
495.41378694749477,47,desktop,12,0
409.6464805458965,47,mobile,1,0
167.16427429521568,39,mobile,14,0
202.72920972519242,30,mobile,3,0
339.58617700613445,15,desktop,23,0
498.90736749015167,23,mobile,2,0
248.8938877935163,26,desktop,14,0
393.31385651227066,36,desktop,2,0
113.44121276036377,7,mobile,20,0
162.99226659732554,23,desktop,11,0
129.97717967682377,8,desktop,20,0
122.47676489782351,8,desktop,18,0
164.30376645889805,40,desktop,17,0
246.66214062943993,48,mobile,9,0
166.66801096222497,23,desktop,16,0
474.9815375661796,5,desktop,7,0
271.09999315464836,3,mobile,17,0
293.4049790464868,47,mobile,7,0
398.5607960703792,45,mobile,20,0
474.7318354161887,27,mobile,14,0
468.16820591415586,4,mobile,15,0
428.95357323590946,23,desktop,11,0
203.4423715569637,7,mobile,21,0
481.21817000978467,14,desktop,8,0
127.13319820608825,21,desktop,1,0
410.13475100555945,32,desktop,18,0
350.86309432975185,5,mobile,21,0
67.74776826414295,41,desktop,11,0
180.24223719936975,44,desktop,7,0
155.09414411960543,21,desktop,4,0
188.659183527332,17,desktop,16,0
380.7960198394543,1,mobile,12,1
239.3787400653256,8,desktop,7,0
398.59932440750913,25,mobile,17,0
98.3043542310462,46,mobile,6,0
438.5200395971813,26,mobile,3,0
313.865045964504,18,mobile,19,0
264.07850120458573,7,desktop,2,0
329.7675610995322,9,mobile,11,0
107.64466193284547,2,desktop,12,0
312.0987866416223,23,mobile,11,0
269.8964885727513,46,desktop,19,0
82.72797097858246,32,mobile,7,0
470.8137500730292,47,desktop,1,0
347.9820444731155,30,mobile,19,0
450.8533983689019,26,mobile,10,0
166.57349428816306,21,mobile,9,0
346.9044365387164,49,desktop,11,0
464.07978506236515,12,desktop,12,0
95.56970835139153,20,desktop,1,0
119.96387861222688,23,mobile,18,0
237.97562993231864,6,desktop,18,0
193.0178245149911,16,mobile,22,0
56.37116496526555,29,mobile,21,0
59.12212438777233,17,desktop,14,0
178.20681021569055,32,mobile,15,0
13.494723685754169,16,mobile,17,1
484.5202740439015,23,desktop,8,0
326.00325259720654,35,mobile,21,0
187.05677122130865,18,desktop,15,0
64.17620191311056,14,mobile,13,0
414.0152168679298,7,desktop,3,0
168.28033677877582,3,desktop,8,0
417.7229539212678,5,mobile,5,0
19.957211056780643,26,desktop,21,0
118.86353479402199,25,desktop,6,0
243.6557448833194,26,mobile,11,0
29.153711118575075,49,desktop,23,0
478.2393762611317,31,desktop,19,0
407.31290554954944,9,mobile,18,0
495.62967729661165,25,desktop,21,0
80.30752765869383,41,mobile,9,0
422.52550798492246,29,mobile,21,0
282.2696950750553,21,desktop,15,0
482.16868911621015,33,desktop,2,0
139.0860522510839,11,desktop,1,0
323.5986395820004,17,desktop,9,0
254.78433892398627,35,desktop,22,0
354.62268515037766,20,mobile,14,0
441.54552326038277,38,desktop,12,0
342.82116363055184,27,desktop,18,0
274.7762740192365,8,mobile,23,0
186.6296433368812,20,mobile,10,0
90.37759761262751,28,mobile,23,0
192.01266191185957,13,mobile,14,0
130.1356960135526,13,mobile,21,0
5.547711373672709,33,desktop,2,1
404.5104067322054,3,desktop,3,0
490.6953833324043,28,mobile,4,0
310.0874497883103,18,desktop,11,0
324.90494606085963,14,mobile,7,0
100.49893306483085,38,mobile,7,0
31.587851735820763,2,desktop,23,0
215.272157111804,31,mobile,9,0
381.66395238389634,40,mobile,9,0
289.6093103246637,47,desktop,17,0
241.00236779794648,2,mobile,6,0
215.4580967399201,30,mobile,7,0
279.32897196583974,18,desktop,17,0
93.87880397305629,21,desktop,10,0
31.059724244308214,14,desktop,13,0
490.4091930901087,15,mobile,8,0
176.75030859512688,4,desktop,14,0
492.70909087093213,34,desktop,17,0
287.25493651057985,1,desktop,13,1
89.26972690855455,1,mobile,9,0
202.65839648217684,5,mobile,14,0
203.89045328350704,36,mobile,4,0
186.15493291674537,29,desktop,8,0
347.10293958947517,30,desktop,3,0
94.48602230032947,25,desktop,12,0
182.32956779993538,17,mobile,20,0
468.4686352090992,29,desktop,19,0
465.69198157364775,20,mobile,10,0
106.21128650149808,12,desktop,3,0
488.6935550529392,37,desktop,16,0
488.64546152654276,25,mobile,14,0
236.32925261232054,19,mobile,20,0
397.2095575216173,1,mobile,18,0
11.428669966356736,42,desktop,4,0
260.4648810092977,40,mobile,10,0
47.35999346429003,6,mobile,5,0
444.6917413594894,6,desktop,18,0
409.8125937116376,41,desktop,9,0
342.1732962665011,29,mobile,17,0
145.35437536933162,8,mobile,16,0
272.8093933475975,5,desktop,15,0
133.98061925576414,9,desktop,13,0
15.449856087032867,11,desktop,11,0
173.73656302899786,12,desktop,19,0
38.199462928016935,2,mobile,19,0
283.9320547375492,26,mobile,12,0
334.28347089914416,8,desktop,17,0
275.454036853561,32,mobile,21,0
233.54778715620247,36,desktop,16,1
62.786136187176375,48,desktop,1,0
223.76802128261508,3,mobile,8,0
203.26180029126817,42,desktop,6,0
342.24255311478703,34,desktop,7,1
412.06149315023384,37,desktop,10,0
101.36950106814622,30,mobile,11,0
388.52128906792717,23,desktop,12,0
427.8880672121146,29,desktop,4,1
27.45090446623368,39,mobile,11,0
239.10739494138264,30,desktop,13,0
438.89978720291043,42,mobile,6,0
328.4260559337335,1,desktop,9,0
440.9839310889948,8,desktop,5,0
456.3833205538515,11,mobile,19,0
136.5345756178983,11,mobile,22,0
245.117584270375,15,desktop,22,0
489.9017651006881,33,mobile,11,0
358.0787035364271,29,desktop,3,0
471.2973788322417,35,desktop,8,0
365.6083659698976,25,desktop,4,1
428.2285483417137,49,mobile,2,0
170.98201286100078,30,desktop,18,0
424.4949387760058,10,mobile,10,0
314.3107719738792,37,desktop,11,0
489.14184049177317,42,desktop,9,0
213.96798232824852,28,desktop,1,0
344.0938399623132,7,desktop,9,0
19.631571078826227,32,mobile,21,0
489.68166040801714,8,mobile,3,0
233.35589307121487,36,desktop,11,0
221.55021676674357,35,mobile,1,0
73.6588933046752,12,desktop,15,0
278.5792948116022,27,mobile,18,0
466.49101239522616,24,mobile,3,0
100.5465049603247,24,mobile,11,0
487.515366195412,17,desktop,5,0
173.69759043143026,47,mobile,19,0
212.78169601354838,39,mobile,18,0
151.4216406647007,4,mobile,18,0
188.42844776334812,29,desktop,6,0
109.28078145876175,18,mobile,15,0
255.20160068669475,22,desktop,18,1
456.3935223838398,25,desktop,19,0
448.64273008549384,49,desktop,21,0
482.2607409053864,36,desktop,2,0
75.93706313861945,25,mobile,5,0
226.55530396976994,35,mobile,1,0
96.7239238913924,48,desktop,21,0
135.57000985024504,23,desktop,2,0
218.49428366447142,24,mobile,15,1
453.8869737508002,28,desktop,8,0
94.49695549499228,49,mobile,22,0
237.34770769465774,11,desktop,16,0
225.24586968028584,19,mobile,7,0
33.96197313559677,38,mobile,4,0
476.349626245842,13,mobile,18,0
363.4724396984073,19,desktop,20,0
68.52173877068907,14,mobile,1,0
355.4111802892666,22,mobile,8,0
110.35800401963948,49,mobile,6,0
372.24064247740296,37,desktop,15,0
74.17274010641822,15,mobile,12,0
81.88814516765359,16,mobile,10,0
20.66705945194606,27,mobile,11,0
151.5660526866244,8,desktop,13,0
183.46477864528237,13,mobile,7,0
365.18287991046367,36,desktop,12,0
201.09746960831592,8,mobile,22,0
366.0549147998248,16,desktop,17,0
486.7328789882952,29,desktop,18,0
28.465447067138747,31,desktop,21,0
142.78911496374198,14,mobile,13,0
243.2867919388213,12,mobile,1,0
338.77983229201243,21,desktop,11,0
398.2493471855115,23,mobile,21,0
102.31976688590693,18,desktop,12,0
146.80477103111517,43,mobile,20,0
122.20404515454845,22,desktop,15,0
418.14024274194077,38,mobile,14,0
223.96987574094777,9,desktop,15,0
266.24529498956065,16,mobile,2,0
266.12362230985127,25,mobile,21,0
45.554281194315784,34,desktop,15,0
359.47113319338916,13,desktop,10,0
430.08385914508335,11,mobile,15,0
472.9091615035434,32,mobile,14,0
168.8658879653219,31,desktop,12,0
126.00492973822193,45,desktop,20,0
223.44252168754096,17,desktop,15,0
82.5250716173739,47,desktop,10,0
351.40430293897833,24,desktop,15,0
368.5680411587985,21,mobile,22,0
145.97618642204486,11,mobile,13,0
348.8994301476378,4,desktop,4,0
487.2646871584136,12,desktop,8,0
438.8812132561742,35,desktop,2,0
255.07630645205356,44,desktop,5,0
39.80431644958385,5,mobile,12,0
93.64010892657178,7,desktop,9,1
413.5649404515628,14,mobile,20,0
220.00619881889054,2,mobile,3,0
318.5434931723198,28,desktop,5,1
362.12658950190587,37,mobile,12,0
101.85280733849302,1,desktop,13,0
443.0843045108223,8,mobile,2,0
75.21130619351936,29,desktop,22,0
124.00502009558599,25,mobile,23,1
396.5709014073201,5,mobile,23,0
461.41398309219176,3,mobile,23,0
72.66950646020265,34,mobile,3,0
365.24280641086295,5,mobile,5,0
99.1892114405917,29,desktop,9,0
386.44342268627355,40,desktop,11,0
347.9226411423969,1,desktop,9,0
79.98521377162098,14,desktop,17,0
252.25942312491821,7,mobile,1,0
53.41308210246244,35,mobile,17,0
28.182908957017784,14,desktop,11,0
343.0453412397108,17,desktop,10,0
292.6760482259688,16,desktop,5,0
35.04922090512625,47,desktop,11,0
101.42403851054668,17,desktop,18,0
236.81255904246225,41,desktop,21,0
457.4756701712379,20,desktop,8,0
34.15296620375831,3,desktop,7,0
76.2973292278214,13,mobile,17,0
94.67426287495603,49,desktop,17,0
235.24472706086135,30,desktop,16,0
424.34090001046087,8,mobile,14,0
188.42765972717024,35,mobile,18,0
51.01399751669046,37,desktop,10,0
255.60711719163444,11,desktop,10,0
257.1984344932019,4,desktop,13,0
399.81166167867417,24,desktop,1,0
325.68720389151,32,desktop,11,0
98.85252799125638,17,desktop,9,0
41.293654544568696,7,desktop,19,1
278.3909966820888,16,mobile,15,0
233.08321523591673,4,desktop,2,0
456.15117694140804,8,desktop,1,0
449.7822942613667,4,desktop,19,0
42.73140273024087,10,mobile,20,0
425.3998004266624,23,desktop,16,1
81.2503731757966,29,mobile,12,0
239.6270709527584,42,mobile,13,0
143.37725532830754,25,mobile,8,0
134.316671810204,18,mobile,15,0
438.6457185332898,9,mobile,12,0
213.77747239382998,1,desktop,5,1
443.8226832788285,41,desktop,16,0
265.09408592165,45,desktop,17,0
402.7975504065712,13,desktop,14,0
45.74678468422456,36,desktop,23,0
413.44633551350125,41,desktop,7,0
440.15645609397194,6,desktop,15,0
248.6418286510194,1,desktop,4,0
398.8396948925589,37,desktop,9,0
413.2017848767686,48,mobile,22,0
229.67109289605935,11,mobile,16,1
379.24415846751685,4,desktop,2,0
339.1282558286414,29,mobile,11,0
44.073046316816345,5,mobile,12,0
185.29479249594903,1,mobile,5,0
108.13620928830704,14,desktop,17,0
245.4179902659335,17,mobile,23,0
263.6199849601596,31,mobile,20,0
269.1083785213145,38,mobile,14,0
172.99019710429738,33,mobile,21,0
453.50431710794095,37,desktop,21,0
51.53233293541169,21,desktop,21,0
156.52194527003,13,desktop,13,0
76.89620636128956,39,mobile,2,0
64.01457128635329,26,desktop,20,0
476.69709543032087,15,mobile,16,0
207.4833873908615,24,desktop,5,0
176.58550947236185,27,desktop,1,0
262.0997068171712,42,desktop,12,0
67.57636396596554,40,mobile,22,0
231.4364991030075,3,mobile,8,0
284.17862809166155,49,mobile,15,0
448.29128604758483,17,desktop,5,0
116.15669874428863,12,desktop,16,0
64.6671014680258,8,desktop,17,0
464.9089648510486,49,mobile,21,0
399.535274681336,43,desktop,3,0
55.53822816903709,22,mobile,17,0
250.05932346024005,37,mobile,12,0
26.932851888224352,36,desktop,9,0
232.6962430690854,15,mobile,10,0
236.51372684223614,13,mobile,23,0
57.39132212514282,48,mobile,15,0
235.62737754867908,40,mobile,16,1
141.8822612232232,17,mobile,13,0
391.73663162427715,23,mobile,5,0
13.340628815196034,20,desktop,3,0
195.51153623829586,7,desktop,22,0
472.1842056733145,36,mobile,6,0
272.35135422109744,15,desktop,6,0
404.94348072147926,15,desktop,12,0
444.63224326200856,28,desktop,18,0
311.29744114793334,21,desktop,9,0
396.39418423193274,43,mobile,15,0
67.32930232766401,23,desktop,4,0
393.18020513434084,29,desktop,14,0
427.8959377277985,25,desktop,19,0
113.20397957209975,29,desktop,22,0
315.41887707294376,22,desktop,12,0
76.12758143512538,45,desktop,17,0
219.44285565173593,43,mobile,1,0
366.26627379385314,9,desktop,8,0
176.75766936919598,8,mobile,14,0
129.13302890440468,37,desktop,23,0
361.36559393355463,6,desktop,10,0
231.78677398396056,26,desktop,7,0
31.877196737426942,46,desktop,19,0
449.98627923792907,30,mobile,23,1
183.46077605975793,25,mobile,16,0
147.82049735845715,33,mobile,21,0
284.89135002519635,49,mobile,22,0
417.92640026732613,36,mobile,23,0
141.2234242042963,22,desktop,23,0
383.7799872118307,38,desktop,20,0
440.1525993601888,31,mobile,21,0
475.70231411686467,29,desktop,22,0
147.9369887016622,39,desktop,23,0
107.18696841008534,8,desktop,3,0
99.10116821829172,38,desktop,12,0
208.8264056901383,48,desktop,22,0
305.80064938575526,10,desktop,12,0
357.39552331839513,44,mobile,8,0
315.7497420062191,25,desktop,1,0
129.0699864460457,17,desktop,7,0
460.46591427810074,36,mobile,20,0
273.5769993761736,6,mobile,14,0
266.2298571439777,45,desktop,9,0
359.54460396817035,27,desktop,19,0
413.873064671565,43,desktop,14,0
361.3813650469286,19,mobile,16,0
461.2797146799918,15,desktop,12,0
197.32959707529207,4,mobile,11,0
103.94577218724083,45,desktop,18,0
452.9846658776512,25,mobile,5,0
121.16903128326526,29,desktop,20,0
317.13715981247435,30,mobile,3,0
275.47718787248147,32,mobile,13,0
212.89941476961016,1,mobile,14,0
28.723377707002324,14,mobile,17,0
472.58180591627735,21,mobile,19,0
268.5984099247878,2,desktop,12,0
475.70000179318293,5,desktop,2,0
222.40936449570808,12,desktop,3,0
98.38651073585402,21,mobile,7,0
400.02097287989767,39,mobile,8,0
112.4250731198287,48,desktop,12,1
276.293493869517,36,mobile,21,0
420.24332492068055,4,desktop,16,0
281.5016067345205,11,desktop,18,0
114.4335846360753,34,desktop,17,0
491.9322562560445,37,mobile,22,0
144.13673268393666,27,mobile,4,0
30.90104343237926,44,desktop,11,0
173.6722581373883,22,mobile,14,0
17.247828155715908,34,desktop,1,0
377.9019425988063,23,desktop,2,0
441.7733946063576,46,mobile,6,0
327.14715733809936,6,mobile,21,0
331.538391771521,25,desktop,14,0
48.633499015065475,6,desktop,3,0
310.1878613363335,29,mobile,16,0
298.8595666957667,46,mobile,20,0
467.35298421877565,28,mobile,10,1
280.11889785365315,20,mobile,9,1
28.84617333434968,29,mobile,13,0
101.08837666377507,37,mobile,17,0
468.6320797991657,8,desktop,2,0
97.24698281627431,21,desktop,7,0
202.91915478261006,29,mobile,10,0
61.25511767784735,7,mobile,6,0
497.20268268270115,43,mobile,17,0
283.84526964929825,45,desktop,3,0
193.22445202302063,4,mobile,19,0
390.8748398674707,27,mobile,8,0
216.05844313596833,49,desktop,23,0
200.35655018314873,8,desktop,14,0
206.89634491394102,10,mobile,21,0
372.88719167299803,14,mobile,10,0
264.0372614323116,33,mobile,23,0
122.91360456154392,42,desktop,11,0
224.6596845268409,30,desktop,19,0
152.1341644227173,10,desktop,2,0
188.25555138747762,22,mobile,11,0
361.1891451582581,36,mobile,1,0
374.43156130484573,18,mobile,14,0
293.23175917390506,43,mobile,5,0
319.90517775845547,46,mobile,4,0
468.8409686337951,44,desktop,20,0
205.07246911630952,8,desktop,19,0
374.6395143566563,23,mobile,6,0
167.95802653527912,38,mobile,23,0
435.47535840665466,30,desktop,23,0
245.05231675069757,25,desktop,18,0
96.763464534336,29,mobile,1,0
169.06961808018337,24,desktop,2,0
460.7698058915793,42,desktop,1,0
389.68660517647805,16,desktop,7,0
281.7509199490324,6,desktop,9,0
217.38722445522768,39,desktop,23,0
58.06124264990344,27,desktop,5,0
196.10095532399924,7,desktop,23,0
62.85727797344389,8,desktop,5,0
326.02695158496584,46,mobile,14,0
196.66602602775077,31,desktop,13,0
91.45036430991821,20,desktop,15,0
389.32652422119673,28,mobile,7,0
249.96559301990766,38,mobile,15,0
290.8363059751893,22,desktop,13,0
335.32229089384776,15,desktop,12,0
43.093525988403904,13,desktop,15,0
265.17581240610224,29,mobile,13,0
184.90848464564277,5,mobile,7,0
265.6683423841702,41,mobile,16,0
139.58801429496728,27,desktop,19,0
363.0493637491776,7,desktop,14,0
364.64709460618377,19,desktop,12,0
128.7995301582916,3,desktop,6,0
490.47904335551823,36,desktop,10,0
209.68826442883335,10,mobile,21,0
375.41445533467277,46,desktop,5,0
380.0491035160126,6,mobile,17,0
200.78946082047992,5,mobile,22,0
293.2055206164873,22,mobile,20,1
267.0929563278856,44,desktop,13,0
291.8515813364293,6,mobile,12,0
223.82137946041018,40,mobile,2,0
466.7160531846328,46,desktop,4,0
231.75543793204147,24,desktop,1,0
156.82199675882836,27,desktop,1,0
236.54413132141113,35,desktop,16,0
495.7973270115303,42,desktop,9,0
416.5494810947653,5,desktop,21,1
488.544678374323,13,desktop,17,0
231.5089400592145,38,mobile,4,0
113.25187812773446,7,mobile,2,0
315.1904725187872,27,mobile,14,0
218.03270235613047,6,desktop,8,1
450.03070523025485,49,mobile,11,1
437.9976115665734,14,desktop,5,0
432.60189911158614,9,mobile,22,0
310.0746302420349,48,mobile,10,0
26.820050558637497,20,desktop,4,0
147.9342764596939,31,desktop,4,0
157.98562861643452,2,mobile,9,0
205.73844611798518,47,mobile,13,0
182.48151531952422,5,desktop,2,0
201.1840817306493,4,desktop,19,0
361.00052754552564,37,desktop,19,0
138.82340939093385,28,mobile,10,0
202.64793830779078,13,desktop,16,0
368.63681656158707,36,mobile,23,0
228.75405478310677,4,desktop,11,0
397.3363102880897,21,mobile,5,0
425.94976822660124,27,mobile,20,0
120.47410732133122,2,mobile,21,0
44.61911940476712,33,desktop,23,0
387.9754064086512,29,desktop,10,0
12.56464378229006,20,desktop,17,0
292.69995252770576,5,mobile,14,0
253.50143590881535,39,desktop,9,0
335.14208369618774,31,mobile,9,0
216.77160105617062,12,desktop,17,0
252.65707330985433,3,desktop,6,0
75.0474098679927,45,mobile,5,0
257.10263022833533,33,mobile,17,0
402.61367161347493,26,mobile,21,0
257.3415636106495,4,mobile,12,0
134.3555020552921,17,desktop,23,0
26.746145132616686,45,desktop,11,0
94.63393865841044,3,mobile,2,0
89.00982245192881,12,desktop,3,0
45.09324871109982,1,mobile,18,0
406.20669084782503,5,mobile,7,0
185.09130214788777,17,mobile,8,0
146.57654934576752,2,mobile,6,0
7.103386060694131,45,mobile,3,0
365.4334898792294,5,desktop,6,0
217.53540254131917,32,mobile,4,0
341.5985756220434,7,desktop,5,1
83.5650571696414,43,desktop,14,0
289.52785742966614,15,mobile,20,0
15.960419360367421,6,desktop,3,0
454.81438858774897,2,desktop,4,0
174.53083510104415,33,mobile,3,0
31.27266061982471,24,desktop,20,0
388.2139027543344,11,mobile,22,0
110.38171975046826,5,desktop,6,0
345.6468508221277,45,desktop,18,0
251.38696572129857,47,mobile,18,0
284.23891921873957,4,desktop,19,0
163.64390257700992,35,mobile,9,0
61.61770263344048,38,desktop,12,0
326.00499210362653,21,mobile,20,0
79.54934457577184,3,desktop,1,0
471.58843293435825,19,desktop,13,0
275.2818038322144,16,mobile,7,0
362.80749445093153,38,mobile,1,0
448.77154746763114,39,desktop,1,0
470.7375820050295,14,mobile,18,0
121.76194537425393,34,desktop,14,0
271.68620430094705,13,mobile,21,0
413.0904906953431,49,mobile,12,0
320.16939117167874,20,mobile,1,1
223.90254698063737,30,mobile,2,1
316.69409498826553,27,mobile,17,0
130.90969378785832,13,mobile,12,0
168.30903224111572,27,desktop,19,0
170.62129977040118,1,mobile,4,0
235.36390238274453,5,mobile,16,0
433.1472031805203,21,mobile,11,0
172.2465125229042,28,desktop,7,1
395.54920781363495,42,desktop,20,0
204.85947945882512,30,mobile,18,0
183.5893251388334,2,desktop,16,0
407.3164587241154,42,mobile,1,0
486.1933226479635,40,mobile,2,0
100.71614028769586,10,mobile,10,0
258.99778900570107,39,desktop,7,0
364.3091616838474,36,desktop,7,0
15.169581508436776,6,mobile,18,0
131.45536098650408,37,desktop,23,0
73.64651247079519,38,desktop,10,0
452.45154186995893,6,desktop,18,0
60.80135848179597,16,mobile,4,0
337.10490080861507,4,desktop,14,0
341.657300243071,20,desktop,10,0
261.27587717204534,38,desktop,10,0
29.200802546233465,2,mobile,4,0
296.5752556319225,2,desktop,17,0
84.17925984545509,35,mobile,12,0
171.28958269404686,39,desktop,20,0
390.5249624578306,23,desktop,23,0
318.9411255454138,7,mobile,14,0
491.09296550677055,14,mobile,13,0
124.84525959805462,19,mobile,12,1
148.18888306333434,41,mobile,21,1
333.0804779530533,15,mobile,16,0
24.832799809037184,15,mobile,1,0
107.55267165974628,20,mobile,3,0
497.7569252525629,5,mobile,1,0
160.90987339364094,38,mobile,11,0
100.2933188367933,7,mobile,6,0
373.35405007965034,42,desktop,16,0
79.54144569481498,17,mobile,21,0
311.0629851146259,14,mobile,22,0
44.287253326468814,11,mobile,16,0
434.54465063852433,10,desktop,16,0
464.9499214540452,19,mobile,16,0
145.34911556260042,28,mobile,5,0
86.82232405516108,11,desktop,17,0
341.3379507866585,42,mobile,4,0
211.17094076187365,26,desktop,10,0
415.2818302962765,18,desktop,9,0
175.80839735602225,46,mobile,5,0
468.5481317310293,25,mobile,15,0
110.67154343664366,28,desktop,16,0
24.67147752371242,20,mobile,23,0
218.20260697240735,21,mobile,16,0
60.6313383029029,10,mobile,19,0
235.50082845727601,10,desktop,2,0
82.94272272188871,12,mobile,12,0
259.312435099397,9,desktop,8,0
278.15146777768297,39,mobile,12,0
285.34497689064983,14,desktop,17,0
206.63944312365157,14,desktop,21,0
156.33504286748618,41,mobile,4,0
218.9102811556719,2,mobile,17,0
464.99440018664933,28,mobile,7,0
169.12778444378048,45,mobile,18,0
196.05075605144737,15,desktop,4,0
187.3405902443235,38,desktop,10,0
71.53628808942094,6,desktop,7,0
25.517400512746537,46,desktop,11,0
36.85254782816257,42,desktop,11,0
90.92480141967143,34,desktop,10,1
329.54124387848424,18,mobile,21,0
274.6478630246925,40,desktop,13,0
57.28679703084985,25,desktop,3,0
27.53698765092973,35,mobile,12,0
331.66553378847436,32,mobile,9,0
440.1574206082759,11,mobile,7,0
365.4417516096452,46,mobile,21,0
184.42113164012736,27,mobile,7,0
177.85343893219442,46,desktop,12,0
285.23917929800945,18,mobile,20,0
462.5026698129734,3,mobile,22,0
474.4304607176153,11,desktop,6,1
206.78684042652816,12,mobile,21,0
51.88911199491187,4,mobile,19,0
436.56781947933916,9,desktop,19,0
182.1831314163623,18,desktop,14,0
486.04045172387623,8,desktop,21,0
165.4273294413942,9,desktop,1,0
161.1752861964882,15,mobile,17,0
272.1991608088375,36,desktop,7,0
202.76329014041644,47,mobile,5,0
202.71228043091867,8,mobile,3,0
292.0407449899436,9,desktop,23,0
463.379228443998,22,desktop,14,0
397.2619117046056,45,desktop,7,0
404.6733587294801,8,desktop,21,0
305.71012863259034,49,mobile,22,0
301.602154943768,19,desktop,6,0
174.53693782940263,39,desktop,2,0
412.33274811584505,49,desktop,22,0
439.7179895604469,15,desktop,14,0
357.06398328554246,12,desktop,20,0
295.1378895556527,32,mobile,3,0
475.1788068401478,37,mobile,3,0
302.06926019256304,19,mobile,7,0
78.29377195518595,6,mobile,8,0
15.541870291191614,38,mobile,12,0
186.68907077195786,46,mobile,23,1
181.44956543612855,8,mobile,18,0
492.64249254631005,27,desktop,14,0
351.4431545328826,38,desktop,2,0
211.9334211139664,46,mobile,18,0
169.60480438481,19,desktop,1,0
12.371628807868216,8,desktop,9,0
62.26447522292324,47,mobile,9,0
408.27013654795877,46,mobile,2,0
25.80865287568948,16,desktop,1,0
262.6187729007387,48,desktop,11,0
170.08151889886662,9,mobile,22,0
332.42787907432887,28,desktop,2,0
426.8678782207643,46,mobile,8,0
16.37108351787535,44,mobile,23,0
200.59717119581106,7,mobile,19,0
170.3341073221215,45,desktop,17,0
96.88036044721865,9,mobile,17,0
414.04055446576825,33,mobile,3,0
238.8299714138694,20,desktop,7,0
241.7071442659323,9,mobile,11,0
64.42119857046956,25,desktop,13,0
190.20400222010952,46,mobile,4,1
257.37529702905454,18,mobile,17,0
41.434484186163374,22,desktop,5,0
98.99559409681783,42,mobile,5,0
150.1919119459074,10,desktop,1,0
460.56531131663127,40,mobile,9,0
33.56401255113858,23,mobile,23,0
68.97866475205576,21,mobile,17,0
186.68471489400272,35,desktop,8,0
381.91906834850107,20,desktop,23,0
479.000439790775,37,desktop,3,0
270.6450421509581,33,desktop,2,0
386.81094744697015,22,desktop,3,0
380.0607798136904,43,desktop,23,0
139.59474411001497,18,desktop,6,0
144.69401867672573,13,desktop,7,0
162.81804033847,2,desktop,23,0
59.52255780994047,25,mobile,23,0
391.3019796817626,48,mobile,19,0
30.640124236207114,4,desktop,4,0
435.26915447755573,17,mobile,6,0
442.95436559996574,4,desktop,1,0
289.5225666844752,47,mobile,6,0
188.1435745253829,48,desktop,1,0
179.6515087357958,28,mobile,22,0
77.70063823228418,49,desktop,8,0
109.13711678547672,29,mobile,15,0
37.38266579405559,9,desktop,18,0
442.05805367015716,38,desktop,12,0
56.96402154619378,2,desktop,23,0
479.64942967426475,32,mobile,8,0
58.235150172181555,41,desktop,3,0
9.275855533306459,31,mobile,10,0
403.842075675854,4,mobile,13,0
157.9928434448931,13,desktop,3,0
115.9682395746974,35,mobile,22,0
171.6736723916356,28,desktop,6,0
340.1736631445137,13,mobile,14,0
102.58505089762227,46,mobile,10,0
83.78750237499901,34,desktop,8,0
175.3228689525191,9,desktop,9,0
260.36931600231327,19,desktop,9,0
144.60341961275435,21,mobile,6,1
289.16449306018586,36,desktop,5,0
245.52402835026763,35,mobile,12,0
474.66113442457157,20,desktop,2,0
320.7333082684356,13,mobile,14,0
298.9206099586906,3,mobile,21,0
371.4735925922909,5,mobile,8,1
351.6836464506584,16,desktop,16,0
314.97357119675655,27,mobile,21,0
360.8521142548462,30,desktop,13,0
247.44442796610696,16,desktop,9,1
299.9445941048582,4,mobile,9,0
114.75172639748146,38,mobile,16,0
212.5417116137819,29,desktop,4,0
222.59926996271776,5,mobile,10,0
444.7392858321624,23,mobile,7,0
63.676791842803205,18,mobile,10,0
131.856873370664,47,mobile,15,1
282.2735027104275,28,mobile,6,0
472.627079786243,32,mobile,10,0
227.55427655437506,35,desktop,13,0
359.29868000723843,19,desktop,10,0
142.18032753020896,29,mobile,2,0
364.6102235646873,11,mobile,13,0
419.4601035412498,25,desktop,4,0
276.8423342848065,24,desktop,2,0
158.42382877286687,14,mobile,22,0
182.525498258879,4,desktop,23,0
348.0271313224482,48,mobile,11,0
398.93204473455745,41,desktop,11,0
131.36027520102874,28,desktop,22,0
369.1246964442239,49,desktop,16,0
199.37708111195977,44,mobile,15,1
82.93237311537916,42,desktop,2,0
222.56268774461316,30,mobile,18,0
119.555386574941,28,mobile,21,0
359.05972577743967,20,mobile,10,0
128.22569508083,34,mobile,3,0
448.48341380057536,19,mobile,16,0
287.71364438208127,5,desktop,23,0
241.89296326802577,41,desktop,5,0
119.91502222553952,19,desktop,21,0
383.32844684784163,4,desktop,16,0
169.18872879426434,16,desktop,12,0
474.8468137753414,9,mobile,22,0
91.75426061224361,30,desktop,1,1
465.4718814924687,1,mobile,5,0
296.9028850464867,26,mobile,5,0
99.89960265496346,32,mobile,8,0
148.21123831108983,20,desktop,9,0
62.730465796587424,27,mobile,18,0
434.2201316689998,41,mobile,8,0
15.09597041926772,35,desktop,21,0
493.2480735255755,26,mobile,20,0
434.7325451754121,48,mobile,20,0
238.92248801297382,4,mobile,15,0
244.64775025281608,18,mobile,10,0
201.06188282384014,33,desktop,17,0
288.4538890024942,44,mobile,7,0
266.35182998436284,1,desktop,17,0
392.72659651609524,8,mobile,12,0
34.83170832563423,35,desktop,10,0
430.56746452049305,19,mobile,22,0
299.0836920201036,38,desktop,3,0
260.4386448426055,6,desktop,11,1
313.05106205873204,13,mobile,23,0
486.1650893408465,37,mobile,5,0
347.2174849031237,44,mobile,4,0
450.53350122488183,25,mobile,14,1
183.1359976143167,40,desktop,19,0
369.3147225027979,45,mobile,7,0
9.95140125482752,27,mobile,19,0
54.8156712534138,37,desktop,17,0
138.84184355473,40,mobile,16,0
218.52073990168591,31,desktop,22,0
64.5721829224982,9,mobile,6,0
251.15100124033142,45,desktop,15,0
442.32346676887596,47,desktop,11,0
422.4106314803912,27,desktop,6,0
13.363313879401616,17,desktop,23,0
472.52053036693707,1,desktop,16,0
292.5546151267204,32,desktop,23,0
192.07485274465907,9,mobile,11,0
336.1168377706852,2,mobile,17,0
496.52594101554723,42,mobile,14,0
456.5430015992343,5,mobile,20,0
59.07459770991106,39,desktop,2,0
440.721030558015,44,mobile,20,1
359.9267363272054,17,mobile,4,0
427.2737057649399,10,desktop,17,0
99.73259834835714,34,mobile,17,0
326.3529209678871,40,desktop,12,0
362.9677599048875,26,mobile,4,0
476.53324574912364,13,mobile,4,1
404.63749808997494,48,desktop,8,0
43.21649640829007,21,mobile,4,0
200.35482165223223,38,desktop,17,1
66.3148373485618,46,desktop,12,0
228.5518156625569,19,mobile,13,0
251.38174216601212,17,mobile,11,0
315.26273193967444,19,mobile,9,0
467.15457884712805,12,mobile,7,0
429.6982286961104,28,mobile,4,0
416.4176494962347,31,desktop,23,1
99.29760281298441,25,desktop,11,0
38.02201231101304,43,mobile,15,0
287.7177761896983,18,mobile,16,0
14.030809604073466,25,mobile,4,0
453.2167309557072,45,mobile,14,0
216.36324628016922,40,mobile,5,0
356.5584899557182,42,desktop,18,0
111.12921077670349,15,desktop,14,0
90.16316986895512,41,mobile,19,0
411.75337291817283,5,desktop,10,0
100.2691918802821,33,desktop,15,0
299.15756903814196,20,mobile,6,0
384.0317918484269,7,desktop,22,0
470.2531023425258,7,mobile,20,0
61.930744849984606,12,mobile,2,1
436.89469868368144,49,mobile,1,0
348.75002902203784,16,desktop,6,0
311.5595857569507,48,desktop,1,0
408.1313009118267,21,mobile,13,0
17.441019089871897,5,mobile,4,0
166.008980232359,38,desktop,15,0
263.8896223705723,43,mobile,16,0
411.3195274407352,12,mobile,16,0
177.1691578737408,3,mobile,21,0
396.5469284250724,20,desktop,22,0
321.7227429166983,46,desktop,22,0
407.84311429797185,25,mobile,21,0
109.01640733984453,32,desktop,16,0
163.65139543622612,20,desktop,5,0
292.434519705579,48,mobile,19,0
254.9490536532651,40,desktop,12,0
124.09073354500921,35,desktop,12,0
155.80528477267117,11,desktop,13,0
191.10271735145417,49,mobile,4,0
275.400722784437,15,mobile,23,0
280.39539791651185,28,desktop,13,0
223.47729112544604,26,mobile,7,0
444.2538206043524,38,mobile,10,0
352.0913547317077,40,mobile,9,0
452.20513741016356,40,mobile,19,0
67.58177286336611,42,mobile,7,0
432.3446001871965,28,desktop,9,0
87.10802480882091,3,mobile,20,0
393.41933772703413,46,desktop,5,0
322.4492809592927,12,mobile,9,0
328.8911882214603,14,desktop,2,0
193.97123367020785,36,mobile,1,0
178.98482071966416,1,mobile,17,0
411.3786705260147,18,mobile,4,0
334.8552629286573,11,mobile,3,0
401.88104404453117,34,desktop,5,0
127.75998808195597,35,desktop,16,0
326.2141903089852,10,mobile,20,0
336.0665685674754,28,desktop,17,0
95.54635136049751,46,mobile,22,1
482.1523360251624,40,desktop,9,0
76.84478902783833,23,mobile,23,0
8.118336133883474,44,mobile,12,0
217.15760962408157,21,desktop,1,0
157.39707027426786,17,mobile,20,0
485.9323692634267,5,desktop,15,0
384.38680200019155,19,desktop,22,0
329.10352846720815,21,mobile,6,0
494.97910743515473,6,mobile,4,0
214.52151883828932,9,desktop,22,0
296.0927772974581,9,mobile,3,0
186.4712114928537,12,desktop,13,0
49.06763303105008,13,desktop,18,0
40.42005260409677,37,desktop,4,0
179.68052166946174,32,desktop,22,0
184.34339812545832,39,mobile,21,0
328.9316703489187,19,mobile,4,0
252.3281731366144,46,mobile,22,0
109.35705259352476,40,mobile,21,0
319.6041735375357,14,mobile,16,0
61.852624927319255,21,desktop,14,0
207.56135363497853,48,mobile,18,0
233.76608089517003,39,desktop,17,0
302.2770867188915,8,desktop,2,0
87.12230158310572,34,desktop,8,0
